AminoAcid,Codon,Count,RelativeAdaptiveness,Preference
Ala,GCA,95346,0.879,Unpreferred
Ala,GCC,128698,1.186,Preferred
Ala,GCG,97750,0.901,Unpreferred
Ala,GCT,112304,1.035,Preferred
Arg,AGA,38393,0.728,Unpreferred
Arg,AGG,40731,0.772,Unpreferred
Arg,CGA,51544,0.977,Unpreferred
Arg,CGC,82188,1.557,Preferred
Arg,CGG,55816,1.058,Unpreferred
Arg,CGT,47950,0.909,Preferred
Asn,AAC,107430,1.153,Preferred
Asn,AAT,78891,0.847,Unpreferred
Asp,GAC,146385,1.036,Preferred
Asp,GAT,136197,0.964,Unpreferred
Cys,TGC,39449,1.254,Preferred
Cys,TGT,23473,0.746,Unpreferred
Gln,CAA,79925,0.783,Unpreferred
Gln,CAG,124274,1.217,Preferred
Glu,GAA,131612,0.838,Unpreferred
Glu,GAG,182454,1.162,Preferred
Gly,GGA,76102,0.887,Unpreferred
Gly,GGC,120401,1.403,Preferred
Gly,GGG,66285,0.772,Unpreferred
Gly,GGT,80550,0.938,Preferred
His,CAC,61217,1.016,Preferred
His,CAT,59297,0.984,Unpreferred
Ile,ATA,37125,0.439,Unpreferred
Ile,ATC,126517,1.496,Preferred
Ile,ATT,90002,1.065,Unpreferred
Leu,CTA,48261,0.624,Unpreferred
Leu,CTC,120875,1.562,Preferred
Leu,CTG,107185,1.385,Preferred
Leu,CTT,91394,1.181,Unpreferred
Leu,TTA,28097,0.363,Unpreferred
Leu,TTG,68558,0.886,Unpreferred
Lys,AAA,84488,0.732,Unpreferred
Lys,AAG,146253,1.268,Preferred
Met,ATG,103600,1.0,Unpreferred
Phe,TTC,115985,1.235,Preferred
Phe,TTT,71807,0.765,Unpreferred
Pro,CCA,71408,0.938,Unpreferred
Pro,CCC,75594,0.993,Preferred
Pro,CCG,76680,1.007,Unpreferred
Pro,CCT,80774,1.061,Unpreferred
Ser,AGC,82008,1.158,Preferred
Ser,AGT,49725,0.702,Unpreferred
Ser,TCA,62941,0.889,Unpreferred
Ser,TCC,82165,1.16,Preferred
Ser,TCG,71129,1.004,Unpreferred
Ser,TCT,76917,1.086,Unpreferred
Thr,ACA,73787,0.975,Unpreferred
Thr,ACC,90401,1.195,Preferred
Thr,ACG,69692,0.921,Unpreferred
Thr,ACT,68818,0.909,Unpreferred
Trp,TGG,74200,1.0,Unpreferred
Tyr,TAC,85817,1.172,Preferred
Tyr,TAT,60681,0.828,Unpreferred
Val,GTA,34905,0.45,Unpreferred
Val,GTC,113343,1.462,Preferred
Val,GTG,77012,0.994,Unpreferred
Val,GTT,84789,1.094,Unpreferred
Stop,TAA,2658,0.836,Unpreferred
Stop,TAG,3210,1.01,Unpreferred
Stop,TGA,3668,1.154,Unpreferred
